frame_index,time_s,player_x_norm,player_y_norm,player_x_px,player_y_px,colored_component_count,lower_pressure_component_count,rack_region_component_count,active_pressure_component_count,projectile_like_count,attacker_like_count
0,180,0.4725,0.8838,127.57,424.23,87,10,77,10,33,54
1,180.067,0.4792,0.8837,129.38,424.16,93,13,79,13,39,54
2,180.133,0.4792,0.8837,129.38,424.16,89,11,77,11,33,56
3,180.2,0.4792,0.8837,129.38,424.16,99,12,87,12,42,57
4,180.267,0.4792,0.8837,129.38,424.16,90,7,83,7,36,54
5,180.333,0.4792,0.8837,129.38,424.16,85,6,78,6,30,55
6,180.4,0.4792,0.8837,129.38,424.16,88,10,78,10,33,55
7,180.467,0.4792,0.8837,129.38,424.16,91,7,84,7,36,55
8,180.533,0.4727,0.8837,127.62,424.16,82,10,71,10,29,53
9,180.6,0.4566,0.8841,123.28,424.34,85,11,74,11,32,53
10,180.667,0.4372,0.8842,118.05,424.42,94,7,87,7,38,56
11,180.733,0.4372,0.8842,118.05,424.42,96,10,84,10,44,52
12,180.8,0.4372,0.8842,118.05,424.42,104,12,91,12,50,54
13,180.867,0.4372,0.8842,118.05,424.42,90,8,82,8,36,54
14,180.933,0.4372,0.8842,118.05,424.42,100,12,88,12,45,55
15,181,0.4372,0.8842,118.05,424.42,97,7,90,7,44,53
16,181.067,0.4372,0.8842,118.05,424.42,89,7,80,7,36,53
17,181.133,0.4372,0.8842,118.05,424.42,98,14,83,14,43,55
18,181.2,0.4282,0.8835,115.61,424.09,91,6,84,6,37,54
19,181.267,0.412,0.8842,111.25,424.42,88,9,79,9,38,50
20,181.333,0.3927,0.8843,106.02,424.47,90,11,79,11,37,53
21,181.4,0.3902,0.884,105.35,424.33,74,6,68,6,21,53
22,181.467,0.3902,0.884,105.35,424.33,97,11,86,11,42,55
23,181.533,0.3902,0.884,105.35,424.33,95,7,88,7,42,53
24,181.6,0.3902,0.884,105.35,424.33,78,11,67,11,28,50
25,181.667,0.3902,0.884,105.35,424.33,88,13,75,13,38,50
26,181.733,0.3902,0.884,105.35,424.33,87,11,76,11,36,51
27,181.8,0.3902,0.884,105.35,424.33,88,10,78,10,36,52
28,181.867,0.3902,0.884,105.35,424.33,86,12,74,12,35,51
29,181.933,0.3902,0.884,105.35,424.33,90,4,83,4,39,51
30,182,0.3902,0.884,105.35,424.33,92,9,82,9,41,51
31,182.067,0.3927,0.8843,106.02,424.47,91,7,84,7,40,51
32,182.133,0.4126,0.884,111.4,424.31,93,10,82,10,43,50
33,182.2,0.4282,0.8835,115.61,424.09,97,13,83,13,47,50
34,182.267,0.4479,0.884,120.93,424.33,91,8,82,8,42,49
35,182.333,0.4701,0.8839,126.93,424.27,88,8,80,8,37,51
36,182.4,0.487,0.8836,131.5,424.14,83,8,74,8,33,50
37,182.467,0.504,0.8843,136.08,424.48,83,7,76,7,30,53
38,182.533,0.5236,0.8837,141.38,424.16,87,10,75,10,35,52
39,182.6,0.5394,0.8838,145.65,424.24,85,10,74,9,34,51
40,182.667,0.5588,0.8841,150.88,424.36,72,11,60,10,22,50
41,182.733,0.5679,0.8837,153.33,424.16,93,17,74,17,41,52
42,182.8,0.5679,0.8837,153.33,424.16,92,16,76,16,39,53
43,182.867,0.5679,0.8837,153.33,424.16,93,13,79,13,42,51
44,182.933,0.6648,0.6057,179.5,290.72,87,14,73,14,36,51
45,183,0.5622,0.8843,151.8,424.45,91,13,78,13,39,52
46,183.067,0.5348,0.606,144.41,290.86,86,15,70,15,34,52
47,183.133,0.5265,0.8824,142.15,423.54,87,11,76,11,35,52
48,183.2,0.5894,0.6693,159.13,321.29,99,17,82,17,48,51
49,183.267,0.5093,0.8836,137.5,424.14,96,18,78,18,46,50
50,183.333,0.5093,0.8836,137.5,424.14,84,10,74,10,36,48
51,183.4,0.5318,0.714,143.57,342.7,92,11,80,11,40,52
52,183.467,0.5089,0.7342,137.4,352.42,91,15,76,15,42,49
53,183.533,0.489,0.7341,132.04,352.37,81,9,71,9,32,49
54,183.6,0.4648,0.8836,125.5,424.14,81,14,67,14,34,47
55,183.667,0.6673,0.6976,180.17,334.83,79,13,65,13,31,48
56,183.733,0.482,0.8842,130.15,424.42,76,11,65,11,26,50
57,183.8,0.6377,0.729,172.17,349.91,85,12,72,12,36,49
58,183.867,0.6229,0.7519,168.18,360.92,81,8,72,8,33,48
59,183.933,0.5369,0.8842,144.95,424.42,77,9,68,9,31,46
60,184,0.5588,0.8841,150.88,424.36,77,5,71,5,30,47
61,184.067,0.5681,0.8835,153.39,424.09,88,8,80,8,41,47
62,184.133,0.5574,0.8286,150.5,397.73,85,8,76,8,37,48
63,184.2,0.5681,0.8835,153.39,424.09,91,13,77,13,44,47
64,184.267,0.5837,0.884,157.6,424.31,83,17,64,17,38,45
65,184.333,0.6036,0.8843,162.98,424.47,90,16,72,16,41,49
66,184.4,0.6036,0.8843,162.98,424.47,82,11,70,11,36,46
67,184.467,0.6036,0.8843,162.98,424.47,82,8,73,8,33,49
68,184.533,0.6036,0.8843,162.98,424.47,76,6,70,6,31,45
69,184.6,0.6036,0.8843,162.98,424.47,78,7,69,7,33,45
70,184.667,0.6036,0.8843,162.98,424.47,92,10,81,10,47,45
71,184.733,0.6036,0.8843,162.98,424.47,96,14,82,14,49,47
72,184.8,0.6036,0.8843,162.98,424.47,76,13,62,13,33,43
73,184.867,0.6036,0.8843,162.98,424.47,81,12,68,12,33,48
74,184.933,0.5839,0.8838,157.65,424.24,70,7,63,7,25,45
75,185,0.5681,0.8835,153.39,424.09,81,7,73,7,33,48
76,185.067,0.5486,0.8839,148.13,424.27,90,6,83,6,40,50
77,185.133,0.5317,0.8837,143.56,424.16,93,10,83,10,44,49
78,185.2,0.5261,0.8842,142.05,424.42,85,12,73,12,37,48
79,185.267,0.5261,0.8842,142.05,424.42,87,14,73,14,39,48
80,185.333,0.5261,0.8842,142.05,424.42,84,15,68,15,35,49
81,185.4,0.5148,0.8843,138.98,424.47,84,13,70,13,38,46
82,185.467,0.4947,0.8838,133.57,424.23,77,7,70,7,30,47
83,185.533,0.4794,0.8837,129.44,424.16,82,10,72,10,33,49
84,185.6,0.4593,0.8853,124,424.92,84,9,75,9,35,49
85,185.667,0.4372,0.8842,118.05,424.42,72,8,63,8,27,45
86,185.733,0.4204,0.8835,113.5,424.09,83,12,71,12,36,47
87,185.8,0.4027,0.8846,108.74,424.6,67,4,62,4,22,45
88,185.867,0.3927,0.8843,106.02,424.47,78,8,70,8,29,49
89,185.933,0.3927,0.8843,106.02,424.47,78,12,65,12,32,46
90,186,0.3927,0.8843,106.02,424.47,68,12,56,12,23,45
91,186.067,0.3927,0.8843,106.02,424.47,77,14,62,14,33,44
92,186.133,0.3903,0.8839,105.38,424.25,91,15,74,15,44,47
93,186.2,0.3704,0.8843,100.02,424.47,84,12,72,12,38,46
94,186.267,0.3535,0.8837,95.44,424.16,71,10,61,10,26,45
95,186.333,0.3363,0.8844,90.81,424.49,67,7,59,7,21,46
96,186.4,0.3169,0.8837,85.56,424.16,75,11,64,11,31,44
97,186.467,0.3118,0.8845,84.19,424.55,77,13,62,13,32,45
98,186.533,0.3312,0.8837,89.44,424.16,85,14,70,14,39,46
99,186.6,0.3482,0.8843,94.02,424.47,80,14,66,14,36,44
100,186.667,0.368,0.884,99.35,424.33,84,15,67,15,38,46
101,186.733,0.3837,0.8835,103.61,424.09,74,10,63,10,29,45
102,186.8,0.3837,0.8835,103.61,424.09,67,9,57,9,22,45
103,186.867,0.3837,0.8835,103.61,424.09,71,8,63,8,26,45
104,186.933,0.3837,0.8835,103.61,424.09,69,10,58,10,26,43
105,187,0.3837,0.8835,103.61,424.09,74,14,60,14,31,43
106,187.067,0.3837,0.8835,103.61,424.09,67,13,54,13,25,42
107,187.133,0.3837,0.8835,103.61,424.09,74,10,63,10,30,44
108,187.2,0.403,0.8848,108.8,424.7,78,12,66,12,31,47
109,187.267,0.4252,0.8838,114.8,424.22,86,12,74,12,40,46
110,187.333,0.4426,0.8836,119.5,424.14,89,11,78,11,41,48
111,187.4,0.4596,0.8843,124.08,424.48,90,10,78,10,44,46
112,187.467,0.4725,0.8838,127.57,424.23,85,14,70,14,41,44
113,187.533,0.4725,0.8838,127.57,424.23,78,13,65,13,34,44
114,187.6,0.4725,0.8838,127.57,424.23,79,10,69,10,34,45
115,187.667,0.4725,0.8838,127.57,424.23,96,13,82,13,51,45
116,187.733,0.4725,0.8838,127.57,424.23,81,12,68,12,37,44
117,187.8,0.4725,0.8838,127.57,424.23,80,14,63,14,36,44
118,187.867,0.4725,0.8838,127.57,424.23,74,14,57,14,29,45
119,187.933,0.4725,0.8838,127.57,424.23,76,13,61,13,31,45
120,188,0.4725,0.8838,127.57,424.23,82,16,65,16,33,49
121,188.067,0.4725,0.8838,127.57,424.23,75,17,57,17,30,45
122,188.133,0.4725,0.8838,127.57,424.23,66,12,54,12,20,46
123,188.2,0.4725,0.8838,127.57,424.23,89,15,71,15,42,47
124,188.267,0.4725,0.8838,127.57,424.23,84,16,67,16,38,46
125,188.333,0.4702,0.8842,126.95,424.42,79,18,61,18,34,45
126,188.4,0.457,0.8837,123.38,424.16,74,14,60,14,31,43
127,188.467,0.457,0.8837,123.38,424.16,78,17,61,17,36,42
128,188.533,0.457,0.8837,123.38,424.16,75,14,60,14,31,44
129,188.6,0.4702,0.8842,126.95,424.42,71,15,55,15,29,42
130,188.667,0.487,0.8836,131.5,424.14,71,10,60,10,31,40
131,188.733,0.4872,0.6557,131.53,314.74,80,12,68,12,40,40
132,188.8,0.5093,0.6715,137.52,322.34,73,14,58,14,30,43
133,188.867,0.5393,0.884,145.6,424.31,74,18,56,18,32,42
134,188.933,0.4129,0.6831,111.48,327.91,58,8,50,8,21,37
135,189,0.4259,0.6978,114.98,334.97,57,11,46,11,21,36
136,189.067,0.5767,0.745,155.72,357.58,62,9,53,9,20,42
137,189.133,0.4541,0.7294,122.6,350.13,68,13,55,13,26,42
138,189.2,0.5787,0.7783,156.26,373.56,58,10,48,10,18,40
139,189.267,0.4811,0.7761,129.9,372.53,73,14,57,14,31,42
140,189.333,0.4928,0.8,133.07,384,87,21,63,21,44,43
141,189.4,0.5068,0.8227,136.84,394.91,76,14,62,14,34,42
142,189.467,0.5156,0.8469,139.2,406.52,72,11,60,11,31,41
143,189.533,0.5981,0.8836,161.5,424.14,75,12,61,12,33,42
144,189.6,0.6158,0.8846,166.26,424.6,70,10,60,10,30,40
145,189.667,0.635,0.8836,171.45,424.13,75,15,60,15,36,39
146,189.733,0.6519,0.8843,176.02,424.47,71,14,57,14,32,39
147,189.8,0.6703,0.8843,180.98,424.47,79,16,63,16,38,41
148,189.867,0.6874,0.8835,185.61,424.09,81,15,65,15,41,40
149,189.933,0.8098,0.5881,218.65,282.27,65,7,57,7,25,40
150,190,0.8229,0.6018,222.2,288.88,65,10,54,10,25,40
151,190.067,0.8319,0.6162,224.6,295.76,63,12,51,12,22,41
152,190.133,0.7728,0.6332,208.64,303.96,64,9,55,9,23,41
153,190.2,0.7842,0.6465,211.73,310.33,67,14,52,14,28,39
154,190.267,0.7925,0.6628,213.99,318.15,60,14,46,14,22,38
155,190.333,0.7988,0.6771,215.68,324.99,71,15,54,15,32,39
156,190.4,0.8069,0.6941,217.86,333.15,85,14,71,14,43,42
157,190.467,0.7975,0.6907,215.31,331.54,71,9,62,9,29,42
158,190.533,0.8754,0.7271,236.37,349,68,9,59,9,28,40
159,190.6,0.8725,0.7541,235.57,361.95,81,20,61,20,41,40
160,190.667,0.8566,0.7703,231.29,369.73,67,9,58,9,25,42
161,190.733,0.843,0.8837,227.62,424.16,67,8,59,7,26,41
162,190.8,0.862,0.7651,232.75,367.24,67,14,53,14,27,40
163,190.867,0.8551,0.7627,230.89,366.09,70,15,55,15,34,36
164,190.933,0.7907,0.8836,213.5,424.14,67,12,55,12,28,39
165,191,0.7729,0.8837,208.67,424.17,72,13,59,13,35,37
166,191.067,0.7831,0.8838,211.43,424.23,69,17,52,17,33,36
167,191.133,0.7986,0.8837,215.62,424.16,64,19,45,19,27,37
168,191.2,0.8182,0.8843,220.92,424.48,73,18,55,18,35,38
169,191.267,0.8352,0.8836,225.5,424.14,62,18,44,18,24,38
170,191.333,0.8521,0.884,230.07,424.33,70,21,49,21,33,37
171,191.4,0.8718,0.8837,235.38,424.16,79,20,59,20,40,39
172,191.467,0.8718,0.8837,235.38,424.16,79,20,58,20,40,39
173,191.533,0.8628,0.8844,232.95,424.53,70,18,51,18,33,37
174,191.6,0.843,0.8837,227.62,424.16,75,22,53,22,38,37
175,191.667,0.8273,0.8837,223.38,424.16,75,19,56,19,36,39
176,191.733,0.8076,0.8844,218.05,424.53,76,18,57,18,38,38
177,191.8,0.7907,0.8836,213.5,424.14,72,18,52,18,37,35
178,191.867,0.7733,0.8838,208.8,424.22,70,20,49,20,35,35
179,191.933,0.7541,0.8835,203.61,424.09,71,20,51,20,34,37
180,192,0.7383,0.884,199.35,424.33,66,10,56,10,30,36
181,192.067,0.7186,0.8843,194.02,424.47,64,6,58,6,29,35
182,192.133,0.7016,0.8837,189.44,424.16,63,11,52,11,29,34
183,192.2,0.6845,0.8845,184.81,424.55,61,7,54,7,24,37
184,192.267,0.6617,0.8844,178.65,424.53,53,6,47,6,18,35
185,192.333,0.6428,0.8835,173.55,424.07,61,6,54,6,24,37
186,192.4,0.6259,0.8843,168.98,424.47,64,7,57,7,28,36
187,192.467,0.6062,0.884,163.69,424.33,67,7,60,7,30,37
188,192.533,0.5903,0.8835,159.39,424.09,68,7,60,7,33,35
189,192.6,0.5839,0.8838,157.65,424.24,66,5,60,5,30,36
190,192.667,0.5839,0.8838,157.65,424.24,69,6,60,6,33,36
191,192.733,0.5839,0.8838,157.65,424.24,72,9,63,9,34,38
192,192.8,0.5839,0.8838,157.65,424.24,66,9,57,9,30,36
193,192.867,0.5839,0.8838,157.65,424.24,65,8,57,8,31,34
194,192.933,0.5839,0.8838,157.65,424.24,65,7,58,7,29,36
195,193,0.5839,0.8838,157.65,424.24,72,11,60,11,35,37
196,193.067,0.5839,0.8838,157.65,424.24,60,6,54,6,24,36
197,193.133,0.5839,0.8838,157.65,424.24,65,7,57,7,28,37
198,193.2,0.5839,0.8838,157.65,424.24,61,8,51,8,27,34
199,193.267,0.5839,0.8838,157.65,424.24,66,9,54,9,30,36
200,193.333,0.5839,0.8838,157.65,424.24,59,9,49,9,26,33
201,193.4,0.5839,0.8838,157.65,424.24,59,10,47,10,24,35
202,193.467,0.5839,0.8838,157.65,424.24,62,10,52,10,28,34
203,193.533,0.5839,0.8838,157.65,424.24,68,13,55,13,33,35
204,193.6,0.5839,0.8838,157.65,424.24,66,9,56,9,29,37
205,193.667,0.5839,0.8838,157.65,424.24,59,7,52,7,23,36
206,193.733,0.5839,0.8838,157.65,424.24,68,10,57,10,32,36
207,193.8,0.6036,0.8843,162.98,424.47,75,12,62,12,38,37
208,193.867,0.6061,0.884,163.65,424.33,64,12,52,12,29,35
209,193.933,0.6125,0.8837,165.38,424.16,63,8,54,8,28,35
210,194,0.6285,0.8839,169.7,424.26,68,12,54,12,32,36
211,194.067,0.6285,0.8839,169.7,424.26,61,9,50,9,25,36
212,194.133,0.6285,0.8839,169.7,424.26,60,7,53,7,23,37
213,194.2,0.6428,0.8837,173.56,424.16,56,7,49,7,20,36
214,194.267,0.6518,0.8842,175.98,424.4,58,11,47,11,22,36
215,194.333,0.6518,0.8842,175.98,424.4,59,6,52,6,22,37
216,194.4,0.6518,0.8842,175.98,424.4,67,10,57,10,32,35
217,194.467,0.6518,0.8842,175.98,424.4,51,9,42,9,16,35
218,194.533,0.6518,0.8842,175.98,424.4,54,8,46,8,17,37
219,194.6,0.6518,0.8842,175.98,424.4,63,9,54,9,26,37
220,194.667,0.661,0.8843,178.47,424.48,63,7,56,7,27,36
221,194.733,0.6794,0.8837,183.44,424.16,66,6,58,6,30,36
222,194.8,0.6794,0.8837,183.44,424.16,58,9,48,9,25,33
223,194.867,0.6794,0.8837,183.44,424.16,52,7,44,7,18,34
224,194.933,0.6794,0.8837,183.44,424.16,63,10,51,10,29,34
225,195,0.6794,0.8837,183.44,424.16,65,9,55,9,32,33
226,195.067,0.6964,0.8843,188.02,424.47,61,9,51,9,25,36
227,195.133,0.7097,0.8837,191.62,424.16,59,13,45,13,27,32
228,195.2,0.7097,0.8837,191.62,424.16,60,10,49,10,26,34
229,195.267,0.7097,0.8837,191.62,424.16,59,9,48,9,25,34
230,195.333,0.7097,0.8837,191.62,424.16,60,12,48,12,25,35
231,195.4,0.7097,0.8837,191.62,424.16,59,8,51,8,26,33
232,195.467,0.7289,0.8847,196.81,424.64,59,11,47,11,26,33
233,195.533,0.7319,0.8835,197.61,424.09,55,9,45,9,21,34
234,195.6,0.7319,0.8835,197.61,424.09,62,11,51,11,30,32
235,195.667,0.7319,0.8835,197.61,424.09,75,14,61,14,42,33
236,195.733,0.732,0.8833,197.64,424,61,11,50,11,28,33
237,195.8,0.7319,0.8835,197.61,424.09,58,13,45,13,25,33
238,195.867,0.7319,0.8835,197.61,424.09,61,13,48,13,29,32
239,195.933,0.7319,0.8835,197.61,424.09,51,8,42,8,18,33
240,196,0.7319,0.8835,197.61,424.09,54,11,42,11,22,32
241,196.067,0.7319,0.8835,197.61,424.09,62,9,52,9,28,34
242,196.133,0.7319,0.8835,197.61,424.09,61,12,49,12,30,31
243,196.2,0.7319,0.8835,197.61,424.09,61,11,50,11,30,31
244,196.267,0.7319,0.8835,197.61,424.09,60,9,51,9,28,32
245,196.333,0.7319,0.8835,197.61,424.09,65,10,55,10,31,34
246,196.4,0.7161,0.884,193.35,424.33,56,12,43,12,25,31
247,196.467,0.6964,0.8843,188.02,424.47,54,9,45,9,20,34
248,196.533,0.6872,0.8834,185.54,424.04,54,13,41,13,23,31
249,196.6,0.6964,0.8843,188.02,424.47,54,9,45,9,21,33
250,196.667,0.7161,0.884,193.35,424.33,51,7,44,7,19,32
251,196.733,0.7319,0.8837,197.62,424.16,63,9,54,9,31,32
252,196.8,0.7409,0.8842,200.05,424.42,58,11,47,11,26,32
253,196.867,0.7409,0.8842,200.05,424.42,53,8,45,8,22,31
254,196.933,0.7409,0.8842,200.05,424.42,54,13,41,13,23,31
255,197,0.7409,0.8842,200.05,424.42,49,9,39,9,18,31
256,197.067,0.7409,0.8842,200.05,424.42,51,12,38,12,19,32
257,197.133,0.7541,0.8835,203.61,424.09,49,9,39,9,18,31
258,197.2,0.7634,0.8841,206.12,424.36,53,7,46,7,21,32
259,197.267,0.7634,0.8841,206.12,424.36,55,4,51,4,20,35
260,197.333,0.7634,0.8841,206.12,424.36,65,7,58,7,29,36
261,197.4,0.7688,0.8835,207.56,424.07,67,8,59,8,31,36
262,197.467,0.7856,0.8841,212.12,424.36,68,12,56,12,33,35
263,197.533,0.791,0.8835,213.56,424.07,67,11,54,11,33,34
264,197.6,0.791,0.8835,213.56,424.07,53,9,43,9,19,34
265,197.667,0.791,0.8835,213.56,424.07,65,9,55,9,28,37
266,197.733,0.7961,0.8842,214.95,424.42,62,8,54,8,27,35
267,197.8,0.813,0.8836,219.5,424.14,62,5,57,5,26,36
268,197.867,0.8275,0.8838,223.43,424.23,63,7,55,7,28,35
269,197.933,0.8275,0.8838,223.43,424.23,59,7,52,7,26,33
270,198,0.8275,0.8838,223.43,424.23,57,9,46,9,25,32
271,198.067,0.8298,0.8842,224.05,424.42,69,13,55,13,35,34
272,198.133,0.8496,0.8837,229.38,424.16,70,12,57,12,36,34
273,198.2,0.852,0.8841,230.05,424.36,61,12,49,12,27,34
274,198.267,0.852,0.8841,230.05,424.36,50,7,43,7,18,32
275,198.333,0.852,0.8841,230.05,424.36,52,5,47,5,19,33
276,198.4,0.852,0.8841,230.05,424.36,54,7,47,7,22,32
277,198.467,0.852,0.8841,230.05,424.36,58,8,49,8,25,33
278,198.533,0.852,0.8841,230.05,424.36,58,11,47,11,25,33
279,198.6,0.852,0.8841,230.05,424.36,50,10,40,10,21,29
280,198.667,0.8521,0.8839,230.07,424.27,53,11,41,11,21,32
281,198.733,0.852,0.8841,230.05,424.36,62,11,48,11,31,31
282,198.8,0.8352,0.8836,225.5,424.14,62,8,51,8,29,33
283,198.867,0.8298,0.8842,224.05,424.42,59,11,46,11,29,30
284,198.933,0.8429,0.8838,227.57,424.23,57,8,49,8,26,31
285,199,0.8628,0.8842,232.95,424.42,56,12,44,12,28,28
286,199.067,0.8796,0.8836,237.5,424.14,48,12,36,12,18,30
287,199.133,0.8973,0.8846,242.28,424.59,53,8,45,8,22,31
288,199.2,0.8973,0.8846,242.28,424.59,53,9,44,9,22,31
289,199.267,0.8796,0.8836,237.5,424.14,55,9,45,9,23,32
290,199.333,0.8625,0.8844,232.87,424.51,46,8,37,8,16,30
291,199.4,0.843,0.8837,227.62,424.16,53,12,41,12,22,31
292,199.467,0.8273,0.8837,223.38,424.16,49,7,42,7,19,30
293,199.533,0.8079,0.8842,218.15,424.42,46,9,36,9,15,31
294,199.6,0.5155,0.6476,139.18,310.84,42,10,31,10,13,29
295,199.667,0.7736,0.8838,208.86,424.2,45,7,38,7,14,31
296,199.733,0.5656,0.678,152.71,325.43,39,8,30,8,10,29
297,199.8,0.5923,0.6937,159.91,333,51,8,42,8,20,31
298,199.867,0.6128,0.7078,165.46,339.72,54,11,42,11,24,30
299,199.933,0.7019,0.8833,189.51,424,57,12,45,12,24,33
300,200,0.6675,0.7473,180.22,358.69,59,13,46,13,30,29
301,200.067,0.6889,0.7701,186,369.65,45,11,34,11,15,30
302,200.133,0.7029,0.7744,189.79,371.74,52,13,39,13,22,30
303,200.2,0.751,0.8827,202.78,423.69,52,9,43,9,20,32
304,200.267,0.7688,0.8835,207.56,424.07,60,15,45,15,29,31
305,200.333,0.7856,0.8841,212.12,424.36,59,18,41,18,30,29
306,200.4,0.8053,0.8838,217.43,424.23,48,8,40,8,19,29
307,200.467,0.5558,0.5999,150.05,287.96,50,10,40,10,21,29
308,200.533,0.8405,0.884,226.93,424.33,47,9,38,9,16,31
309,200.6,0.8299,0.8838,224.08,424.23,47,11,36,11,19,28
310,200.667,0.6174,0.6478,166.7,310.96,52,15,37,15,23,29
311,200.733,0.6401,0.6621,172.84,317.8,48,10,38,10,19,29
312,200.8,0.7862,0.8047,212.28,386.25,50,10,39,10,17,33
313,200.867,0.7736,0.8839,208.87,424.27,58,12,45,12,27,31
314,200.933,0.7053,0.708,190.42,339.85,63,12,51,12,31,32
315,201,0.7764,0.8837,209.62,424.16,65,16,49,16,33,32
316,201.067,0.7458,0.7413,201.36,355.83,60,12,47,12,30,30
317,201.133,0.7687,0.7644,207.54,366.91,55,12,42,12,29,26
318,201.2,0.7625,0.7609,205.87,365.23,54,13,39,13,28,26
319,201.267,0.8208,0.8837,221.62,424.16,44,10,33,10,18,26
320,201.333,0.8275,0.8837,223.44,424.16,50,14,35,14,25,25
321,201.4,0.8182,0.8843,220.92,424.48,55,15,40,15,27,28
322,201.467,0.7986,0.8837,215.62,424.16,45,6,38,6,19,26
323,201.533,0.7828,0.8838,211.35,424.24,47,8,38,8,23,24
324,201.6,0.7631,0.8842,206.05,424.42,47,12,35,12,22,25
325,201.667,0.7461,0.8837,201.44,424.16,47,11,36,11,21,26
326,201.733,0.729,0.8847,196.84,424.64,54,14,40,14,28,26
327,201.8,0.7097,0.8835,191.61,424.09,42,8,33,8,18,24
328,201.867,0.7097,0.8835,191.61,424.09,39,8,30,8,14,25
329,201.933,0.7097,0.8835,191.61,424.09,48,9,38,9,24,24
330,202,0.7186,0.8843,194.02,424.47,49,7,42,7,24,25
331,202.067,0.7243,0.8835,195.56,424.07,58,11,47,11,32,26
332,202.133,0.7243,0.8835,195.56,424.07,49,6,42,6,25,24
333,202.2,0.7243,0.8835,195.56,424.07,49,7,41,7,25,24
334,202.267,0.7186,0.8843,194.02,424.47,43,8,35,8,18,25
335,202.333,0.7016,0.8837,189.44,424.16,40,5,35,5,14,26
336,202.4,0.7016,0.8837,189.44,424.16,46,10,36,10,20,26
337,202.467,0.7016,0.8837,189.44,424.16,46,9,36,9,21,25
338,202.533,0.7016,0.8837,189.44,424.16,40,7,33,7,15,25
339,202.6,0.7016,0.8837,189.44,424.16,50,9,41,9,23,27
340,202.667,0.7016,0.8837,189.44,424.16,40,6,34,6,16,24
341,202.733,0.7016,0.8837,189.44,424.16,37,8,29,8,14,23
342,202.8,0.7016,0.8837,189.44,424.16,39,8,31,8,16,23
343,202.867,0.6964,0.8843,188.02,424.47,37,5,32,5,12,25
344,202.933,0.6874,0.8833,185.6,424,46,9,37,9,21,25
345,203,0.6874,0.8835,185.61,424.09,45,10,35,10,20,25
346,203.067,0.6874,0.8835,185.61,424.09,45,6,38,6,21,24
347,203.133,0.6874,0.8835,185.61,424.09,56,7,48,7,31,25
348,203.2,0.6874,0.8835,185.61,424.09,54,7,46,7,28,26
349,203.267,0.6874,0.8835,185.61,424.09,43,7,35,7,19,24
350,203.333,0.6874,0.8835,185.61,424.09,42,9,32,9,19,23
351,203.4,0.6887,0.8836,185.95,424.12,41,5,35,5,15,26
352,203.467,0.6877,0.8836,185.69,424.15,50,11,37,11,25,25
353,203.533,0.6964,0.8843,188.02,424.47,46,11,33,11,22,24
354,203.6,0.7161,0.884,193.35,424.33,45,7,33,7,19,26
355,203.667,0.7319,0.8837,197.62,424.16,48,11,35,11,23,25
356,203.733,0.7509,0.8841,202.74,424.35,41,6,35,6,15,26
357,203.8,0.7736,0.8839,208.87,424.27,40,8,30,8,16,24
358,203.867,0.7907,0.8836,213.5,424.14,44,10,34,10,17,27
359,203.933,0.808,0.8838,218.17,424.2,41,12,29,12,18,23
360,204,0.8275,0.8838,223.43,424.23,47,14,33,14,24,23
361,204.067,0.8429,0.8838,227.57,424.23,59,12,46,12,34,25
362,204.133,0.8627,0.8845,232.94,424.56,54,14,39,14,29,25
363,204.2,0.8796,0.8836,237.5,424.14,53,14,39,14,27,26
364,204.267,0.8969,0.8844,242.18,424.49,50,13,37,13,25,25
365,204.333,0.9117,0.883,246.17,423.83,45,14,31,14,22,23
366,204.4,0.8963,0.6447,242,309.43,43,11,31,11,19,24
367,204.467,0.8977,0.6595,242.38,316.58,50,12,37,12,24,26
368,204.533,0.8978,0.6766,242.39,324.75,45,11,33,11,21,24
369,204.6,0.8977,0.692,242.38,332.14,53,12,40,12,26,27
370,204.667,0.906,0.884,244.61,424.33,41,12,29,12,19,22
371,204.733,0.8878,0.8839,239.7,424.26,50,11,39,11,25,25
372,204.8,0.8743,0.8842,236.05,424.42,44,12,32,12,20,24
373,204.867,0.8743,0.8842,236.05,424.42,44,13,30,13,17,27
374,204.933,0.8627,0.8846,232.92,424.62,39,10,28,10,17,22
375,205,0.8429,0.8838,227.57,424.23,46,14,32,14,23,23
376,205.067,0.8535,0.8097,230.44,388.64,48,12,36,12,27,21
377,205.133,0.813,0.8836,219.5,424.14,51,15,36,15,28,23
378,205.2,0.7961,0.8842,214.95,424.42,53,16,36,16,31,22
379,205.267,0.7764,0.8837,209.62,424.16,43,16,27,16,22,21
380,205.333,0.7606,0.8838,205.35,424.24,41,15,26,15,18,23
381,205.4,0.7409,0.8842,200.05,424.42,44,15,29,15,22,22
382,205.467,0.7186,0.8843,194.02,424.47,42,13,28,13,19,23
383,205.533,0.7021,0.8835,189.56,424.07,42,12,29,12,20,22
384,205.6,0.6845,0.8844,184.82,424.49,46,16,30,16,23,23
385,205.667,0.6651,0.8836,179.57,424.13,46,12,34,12,22,24
386,205.733,0.6481,0.8843,174.98,424.47,44,15,29,15,22,22
387,205.8,0.6283,0.884,169.65,424.33,49,17,31,17,26,23
388,205.867,0.6283,0.884,169.65,424.33,46,14,30,14,21,25
389,205.933,0.6283,0.884,169.65,424.33,40,13,26,13,18,22
390,206,0.6283,0.884,169.65,424.33,38,16,22,16,16,22
391,206.067,0.6283,0.884,169.65,424.33,33,12,21,12,10,23
392,206.133,0.6283,0.884,169.65,424.33,40,10,30,10,20,20
393,206.2,0.6283,0.884,169.65,424.33,42,7,35,7,21,21
394,206.267,0.6283,0.884,169.65,424.33,46,9,36,9,25,21
395,206.333,0.6283,0.884,169.65,424.33,50,14,35,13,29,21
396,206.4,0.6283,0.884,169.65,424.33,45,10,35,9,26,19
397,206.467,0.6283,0.884,169.65,424.33,37,11,26,11,17,20
398,206.533,0.6283,0.884,169.65,424.33,38,10,27,10,17,21
399,206.6,0.6283,0.884,169.65,424.33,50,8,42,8,28,22
400,206.667,0.6206,0.8837,167.56,424.16,45,10,35,10,22,23
401,206.733,0.8859,0.6354,239.19,305,45,10,34,10,21,24
402,206.8,0.5845,0.8841,157.8,424.36,53,11,41,11,28,25
403,206.867,0.9093,0.6668,245.52,320.08,52,16,36,16,27,25
404,206.933,0.5488,0.8832,148.17,423.92,57,9,48,9,32,25
405,207,0.5315,0.8836,143.5,424.14,35,9,26,9,13,22
406,207.067,0.5146,0.8845,138.94,424.56,42,9,33,9,18,24
407,207.133,0.5146,0.8845,138.94,424.56,42,9,33,9,17,25
408,207.2,0.5146,0.8845,138.94,424.56,50,10,39,10,25,25
409,207.267,0.5146,0.8845,138.94,424.56,53,13,37,13,28,25
410,207.333,0.5146,0.8845,138.94,424.56,54,13,40,13,31,23
411,207.4,0.5236,0.8837,141.38,424.16,56,14,42,14,33,23
412,207.467,0.5394,0.8838,145.65,424.24,44,10,34,10,22,22
413,207.533,0.5591,0.8842,150.95,424.42,40,8,32,8,16,24
414,207.6,0.576,0.8838,155.51,424.21,43,6,37,6,18,25
415,207.667,0.5906,0.8836,159.45,424.13,48,7,41,7,25,23
416,207.733,0.5906,0.8836,159.45,424.13,50,8,42,8,26,24
417,207.8,0.5759,0.8836,155.48,424.11,55,10,45,10,31,24
418,207.867,0.5591,0.8842,150.95,424.42,45,9,36,9,22,23
419,207.933,0.5394,0.8838,145.65,424.24,41,11,30,11,18,23
420,208,0.5236,0.8837,141.38,424.16,39,5,34,5,15,24
421,208.067,0.5038,0.8841,136.03,424.38,42,7,35,7,17,25
422,208.133,0.4922,0.8844,132.91,424.53,38,7,31,7,15,23
423,208.2,0.4923,0.8846,132.92,424.62,41,6,35,6,18,23
424,208.267,0.4923,0.8846,132.92,424.62,46,9,37,9,21,25
425,208.333,0.4923,0.8846,132.92,424.62,53,10,43,10,29,24
426,208.4,0.4923,0.8846,132.92,424.62,50,9,40,9,26,24
427,208.467,0.4923,0.8846,132.92,424.62,53,9,43,9,29,24
428,208.533,0.4923,0.8846,132.92,424.62,44,6,37,6,21,23
429,208.6,0.4923,0.8846,132.92,424.62,47,6,40,6,22,25
430,208.667,0.4923,0.8846,132.92,424.62,46,7,39,7,21,25
431,208.733,0.4923,0.8846,132.92,424.62,44,6,38,6,21,23
432,208.8,0.4923,0.8846,132.92,424.62,50,8,42,8,27,23
433,208.867,0.4923,0.8846,132.92,424.62,49,6,43,6,25,24
434,208.933,0.4923,0.8846,132.92,424.62,46,3,42,3,22,24
435,209,0.4923,0.8846,132.92,424.62,48,8,38,8,24,24
436,209.067,0.4923,0.8846,132.92,424.62,40,5,34,5,15,25
437,209.133,0.4923,0.8846,132.92,424.62,37,8,29,8,14,23
438,209.2,0.4923,0.8846,132.92,424.62,44,8,35,8,19,25
439,209.267,0.5016,0.8838,135.43,424.23,39,5,33,5,14,25
440,209.333,0.5171,0.8837,139.62,424.16,52,10,42,10,28,24
441,209.4,0.5236,0.8837,141.38,424.16,53,9,44,9,29,24
442,209.467,0.5261,0.8842,142.05,424.42,48,5,41,5,23,25
443,209.533,0.5459,0.8837,147.38,424.16,47,8,37,8,22,25
444,209.6,0.5617,0.8838,151.65,424.24,43,5,37,5,17,26
445,209.667,0.5681,0.8835,153.39,424.09,46,7,38,7,19,27
446,209.733,0.5683,0.8836,153.45,424.13,50,9,40,9,25,25
447,209.8,0.5681,0.8835,153.39,424.09,44,8,36,8,19,25
448,209.867,0.5681,0.8835,153.39,424.09,47,12,35,12,23,24
449,209.933,0.5681,0.8835,153.39,424.09,48,12,36,12,24,24
450,210,0.5681,0.8835,153.39,424.09,44,6,36,6,20,24
451,210.067,0.5681,0.8835,153.39,424.09,42,9,32,9,17,25
452,210.133,0.5681,0.8835,153.39,424.09,31,4,27,4,9,22
453,210.2,0.5681,0.8835,153.39,424.09,38,6,31,6,15,23
454,210.267,0.5681,0.8835,153.39,424.09,41,7,34,7,19,22
455,210.333,0.5709,0.8842,154.16,424.41,48,8,40,8,25,23
456,210.4,0.5933,0.8848,160.2,424.7,53,12,41,12,31,22
457,210.467,0.6128,0.8836,165.45,424.13,42,9,33,9,21,21
458,210.533,0.6259,0.8843,168.98,424.47,38,7,31,7,16,22
459,210.6,0.6259,0.8843,168.98,424.47,37,8,29,8,15,22
460,210.667,0.6259,0.8843,168.98,424.47,37,4,33,4,16,21
461,210.733,0.6259,0.8843,168.98,424.47,41,7,34,7,19,22
462,210.8,0.6424,0.8835,173.44,424.07,45,8,36,8,23,22
463,210.867,0.6618,0.8845,178.69,424.54,44,7,35,7,23,21
464,210.933,0.6741,0.8843,182.02,424.47,52,11,38,11,30,22
465,211,0.6741,0.8843,182.02,424.47,49,10,37,10,28,21
466,211.067,0.6741,0.8843,182.02,424.47,45,9,36,9,24,21
467,211.133,0.6741,0.8843,182.02,424.47,40,9,31,9,18,22
468,211.2,0.6741,0.8843,182.02,424.47,33,8,24,8,13,20
469,211.267,0.6741,0.8843,182.02,424.47,34,7,27,7,13,21
470,211.333,0.6741,0.8843,182.02,424.47,41,13,28,13,19,22
471,211.4,0.6741,0.8843,182.02,424.47,38,9,27,9,17,21
472,211.467,0.6741,0.8843,182.02,424.47,41,12,29,12,21,20
473,211.533,0.6741,0.8843,182.02,424.47,44,12,32,12,22,22
474,211.6,0.6741,0.8843,182.02,424.47,45,9,36,9,23,22
475,211.667,0.6741,0.8843,182.02,424.47,38,7,30,7,17,21
476,211.733,0.6741,0.8843,182.02,424.47,38,7,30,7,18,20
477,211.8,0.6741,0.8843,182.02,424.47,43,7,35,7,22,21
478,211.867,0.6741,0.8843,182.02,424.47,42,12,29,12,22,20
479,211.933,0.6741,0.8843,182.02,424.47,46,11,35,11,25,21
480,212,0.6741,0.8843,182.02,424.47,43,11,31,11,21,22
481,212.067,0.6741,0.8843,182.02,424.47,49,14,35,14,27,22
482,212.133,0.6741,0.8843,182.02,424.47,42,12,30,12,20,22
483,212.2,0.6741,0.8843,182.02,424.47,41,16,24,16,20,21
484,212.267,0.6741,0.8843,182.02,424.47,40,10,30,10,19,21
485,212.333,0.6741,0.8843,182.02,424.47,32,7,25,7,12,20
486,212.4,0.6939,0.884,187.35,424.33,37,8,29,8,15,22
487,212.467,0.7068,0.8847,190.84,424.64,35,6,28,6,14,21
488,212.533,0.7068,0.8847,190.84,424.64,36,10,26,10,19,17
489,212.6,0.7068,0.8847,190.84,424.64,44,13,31,13,26,18
490,212.667,0.7068,0.8847,190.84,424.64,39,10,29,10,22,17
491,212.733,0.7068,0.8847,190.84,424.64,55,14,41,14,36,19
492,212.8,0.7068,0.8847,190.84,424.64,35,7,28,7,19,16
493,212.867,0.7068,0.8847,190.84,424.64,32,5,26,5,15,17
494,212.933,0.7161,0.884,193.35,424.33,37,6,29,6,21,16
495,213,0.7319,0.8835,197.61,424.09,35,6,29,6,18,17
496,213.067,0.7512,0.8844,202.82,424.49,38,8,30,8,22,16
497,213.133,0.7688,0.8835,207.56,424.07,38,8,29,8,22,16
498,213.2,0.7688,0.8835,207.56,424.07,40,8,31,8,23,17
499,213.267,0.7634,0.8841,206.12,424.36,37,11,25,11,21,16
500,213.333,0.7463,0.8836,201.5,424.14,33,7,25,7,17,16
501,213.4,0.7295,0.8852,196.97,424.91,34,4,29,4,15,19
502,213.467,0.7094,0.8836,191.55,424.13,25,5,18,5,8,17
503,213.533,0.7094,0.8836,191.55,424.13,27,7,20,7,11,16
504,213.6,0.7094,0.8836,191.55,424.13,38,9,29,9,22,16
505,213.667,0.7094,0.8836,191.55,424.13,34,10,24,10,18,16
506,213.733,0.7094,0.8836,191.55,424.13,39,9,29,9,22,17
507,213.8,0.7094,0.8836,191.55,424.13,40,8,32,8,23,17
508,213.867,0.7094,0.8836,191.55,424.13,41,10,31,10,25,16
509,213.933,0.7065,0.8846,190.77,424.6,39,10,28,10,21,18
510,214,0.6874,0.8835,185.61,424.09,42,12,28,12,26,16
511,214.067,0.6703,0.8843,180.98,424.47,42,8,32,8,24,18
512,214.133,0.6519,0.8843,176.02,424.47,35,9,26,9,20,15
513,214.2,0.6347,0.8837,171.38,424.16,33,10,23,10,17,16
514,214.267,0.6154,0.8845,166.15,424.58,30,7,23,7,15,15
515,214.333,0.6067,0.8843,163.8,424.45,30,6,24,6,14,16
516,214.4,0.6061,0.884,163.65,424.33,44,9,35,9,27,17
517,214.467,0.5903,0.8837,159.38,424.16,29,9,20,9,15,14
518,214.533,0.5711,0.8842,154.19,424.4,34,15,18,15,19,15
519,214.6,0.5535,0.8835,149.44,424.07,37,11,25,11,22,15
520,214.667,0.5369,0.8842,144.95,424.42,34,10,24,10,19,15
521,214.733,0.5171,0.8837,139.62,424.16,30,9,21,9,16,14
522,214.8,0.5016,0.8838,135.43,424.23,41,6,31,6,27,14
523,214.867,0.4818,0.8843,130.08,424.48,40,8,30,8,25,15
524,214.933,0.4648,0.8836,125.5,424.14,33,11,20,11,19,14
525,215,0.4479,0.884,120.93,424.33,31,7,23,7,17,14
526,215.067,0.4346,0.8838,117.35,424.24,32,13,19,13,18,14
527,215.133,0.4346,0.8838,117.35,424.24,38,12,26,12,21,17
528,215.2,0.4346,0.8838,117.35,424.24,31,10,21,10,15,16
529,215.267,0.4371,0.8843,118.02,424.47,35,9,25,9,21,14
530,215.333,0.4594,0.8846,124.03,424.62,27,8,19,8,11,16
531,215.4,0.4792,0.8837,129.38,424.16,38,12,26,12,22,16
532,215.467,0.4947,0.8838,133.57,424.23,32,11,21,11,17,15
533,215.533,0.5146,0.884,138.93,424.33,32,12,20,12,16,16
534,215.6,0.5236,0.8837,141.38,424.16,42,19,23,19,26,16
535,215.667,0.5236,0.8837,141.38,424.16,32,9,22,9,17,15
536,215.733,0.5236,0.8837,141.38,424.16,31,10,20,10,17,14
537,215.8,0.5236,0.8837,141.38,424.16,37,8,29,8,20,17
538,215.867,0.5236,0.8837,141.38,424.16,33,6,26,6,18,15
539,215.933,0.5236,0.8837,141.38,424.16,36,10,26,10,22,14
540,216,0.5181,0.8843,139.9,424.45,31,7,24,7,18,13
541,216.067,0.5014,0.8837,135.38,424.16,30,8,22,8,17,13
542,216.133,0.482,0.8842,130.15,424.42,30,6,24,6,16,14
543,216.2,0.4648,0.8836,125.5,424.14,33,8,24,8,21,12
544,216.267,0.4478,0.8838,120.92,424.23,31,10,21,10,18,13
545,216.333,0.4282,0.8837,115.62,424.16,34,9,25,9,19,15
546,216.4,0.4253,0.8844,114.82,424.49,31,8,23,8,15,16
547,216.467,0.4253,0.8844,114.82,424.49,31,10,20,10,17,14
548,216.533,0.4253,0.8844,114.82,424.49,26,5,19,5,11,15
549,216.6,0.4253,0.8844,114.82,424.49,30,9,21,9,14,16
550,216.667,0.4253,0.8844,114.82,424.49,29,8,20,8,14,15
551,216.733,0.4254,0.8842,114.86,424.43,30,8,20,8,16,14
552,216.8,0.406,0.8835,109.61,424.09,38,11,25,11,24,14
553,216.867,0.3902,0.884,105.35,424.33,32,10,20,10,17,15
554,216.933,0.3704,0.8843,100.02,424.47,33,9,24,9,19,14
555,217,0.3482,0.8843,94.02,424.47,37,12,24,12,22,15
556,217.067,0.3312,0.8837,89.44,424.16,37,14,22,14,23,14
557,217.133,0.3118,0.8846,84.19,424.62,31,8,22,8,17,14
558,217.2,0.2944,0.8834,79.49,424.05,36,12,23,12,21,15
559,217.267,0.2777,0.8843,74.98,424.47,34,10,23,10,19,15
560,217.333,0.258,0.884,69.65,424.33,28,10,18,10,13,15
561,217.4,0.2422,0.8835,65.39,424.09,36,13,23,13,20,16
562,217.467,0.2229,0.884,60.19,424.31,30,15,15,15,15,15
563,217.533,0.2056,0.8836,55.5,424.14,32,14,18,14,16,16
564,217.6,0.6923,0.6236,186.93,299.35,34,16,18,16,20,14
565,217.667,0.2056,0.8836,55.5,424.14,31,10,21,10,15,16
566,217.733,0.2056,0.8836,55.5,424.14,32,14,17,14,18,14
567,217.8,0.6387,0.6683,172.44,320.81,31,9,21,9,17,14
568,217.867,0.616,0.6848,166.33,328.69,31,9,22,9,17,14
569,217.933,0.5985,0.7,161.58,336,30,9,21,9,16,14
570,218,0.5796,0.715,156.5,343.22,41,14,26,14,27,14
571,218.067,0.5622,0.7327,151.79,351.71,33,13,19,13,19,14
572,218.133,0.545,0.7564,147.14,363.07,37,14,22,14,22,15
573,218.2,0.5274,0.7775,142.41,373.2,40,13,27,13,24,16
574,218.267,0.5084,0.8014,137.28,384.67,32,11,21,11,17,15
575,218.333,0.4906,0.8252,132.46,396.11,25,8,17,8,11,14
576,218.4,0.178,0.8842,48.05,424.42,32,7,24,7,18,14
577,218.467,0.178,0.8842,48.05,424.42,32,10,21,10,18,14
578,218.533,0.178,0.8842,48.05,424.42,34,14,20,14,19,15
579,218.6,0.178,0.8842,48.05,424.42,26,12,14,12,14,12
580,218.667,0.178,0.8842,48.05,424.42,25,7,17,7,13,12
581,218.733,0.178,0.8842,48.05,424.42,24,8,16,8,10,14
582,218.8,0.178,0.8842,48.05,424.42,33,13,20,13,20,13
583,218.867,0.178,0.8842,48.05,424.42,34,9,25,9,20,14
584,218.933,0.178,0.8842,48.05,424.42,30,8,22,8,16,14
585,219,0.178,0.8842,48.05,424.42,36,9,26,9,22,14
586,219.067,0.1757,0.8838,47.43,424.23,28,6,21,6,14,14
587,219.133,0.1558,0.8845,42.06,424.56,36,8,28,8,20,16
588,219.2,0.1534,0.8838,41.43,424.23,38,8,30,8,23,15
589,219.267,0.1534,0.8838,41.43,424.23,39,9,30,9,23,16
590,219.333,0.1534,0.8838,41.43,424.23,35,14,20,14,21,14
591,219.4,0.1534,0.8838,41.43,424.23,41,12,28,12,27,14
592,219.467,0.1534,0.8838,41.43,424.23,34,10,23,10,20,14
593,219.533,0.1534,0.8838,41.43,424.23,38,11,25,11,23,15
594,219.6,0.1534,0.8838,41.43,424.23,24,5,17,5,10,14
595,219.667,0.1534,0.8838,41.43,424.23,29,8,21,8,15,14
596,219.733,0.1467,0.8837,39.62,424.16,26,7,19,7,11,15
597,219.8,0.131,0.8837,35.38,424.16,30,9,21,9,14,16
598,219.867,0.1113,0.8842,30.05,424.42,38,12,25,12,23,15
599,219.933,0.1113,0.8842,30.05,424.42,41,12,27,12,25,16
600,220,0.1112,0.8843,30.02,424.47,30,12,17,12,16,14
601,220.067,0.1112,0.8843,30.02,424.47,32,12,19,12,18,14
602,220.133,0.1167,0.8836,31.5,424.14,27,8,18,8,13,14
603,220.2,0.1337,0.8845,36.1,424.57,34,10,24,10,19,15
604,220.267,0.1557,0.8842,42.05,424.42,30,13,17,13,16,14
605,220.333,0.1755,0.8837,47.38,424.16,24,7,16,7,10,14
606,220.4,0.191,0.8838,51.57,424.23,35,10,24,10,21,14
607,220.467,0.2109,0.8842,56.95,424.42,31,7,23,7,20,11
608,220.533,0.2278,0.8836,61.5,424.14,29,6,23,6,17,12
609,220.6,0.2451,0.8847,66.16,424.64,31,9,21,9,19,12
610,220.667,0.2644,0.8835,71.39,424.09,35,7,27,7,22,13
611,220.733,0.2777,0.8843,74.98,424.47,24,9,15,9,12,12
612,220.8,0.2777,0.8843,74.98,424.47,29,14,15,14,18,11
613,220.867,0.2777,0.8843,74.98,424.47,19,7,12,7,8,11
614,220.933,0.2777,0.8843,74.98,424.47,36,11,25,11,18,18
615,221,0.2499,0.6531,67.48,313.49,39,12,26,12,21,18
616,221.067,0.2777,0.8843,74.98,424.47,36,9,27,9,17,19
617,221.133,0.258,0.884,69.65,424.33,45,17,28,17,27,18
618,221.2,0.2422,0.8835,65.39,424.09,39,14,25,14,21,18
619,221.267,0.223,0.8838,60.2,424.22,30,6,23,6,13,17
620,221.333,0.2056,0.8836,55.5,424.14,37,9,27,9,20,17
621,221.4,0.1886,0.8843,50.92,424.48,31,5,26,5,14,17
622,221.467,0.1833,0.8836,49.5,424.14,41,9,31,9,24,17
623,221.533,0.1833,0.8836,49.5,424.14,40,10,30,10,23,17
624,221.6,0.1886,0.8845,50.94,424.56,36,7,29,7,18,18
625,221.667,0.2056,0.8836,55.5,424.14,35,10,25,10,17,18
626,221.733,0.2229,0.884,60.19,424.31,30,6,23,6,13,17
627,221.8,0.2422,0.8835,65.39,424.09,29,7,22,7,12,17
628,221.867,0.258,0.884,69.65,424.33,34,8,24,8,16,18
629,221.933,0.2802,0.884,75.65,424.33,31,5,26,5,13,18
630,222,0.3002,0.8843,81.05,424.48,33,9,23,9,16,17
631,222.067,0.3169,0.8837,85.56,424.16,34,9,24,9,19,15
632,222.133,0.3363,0.8845,90.81,424.55,28,9,19,9,13,15
633,222.2,0.3535,0.8837,95.44,424.16,33,9,24,9,19,14
634,222.267,0.3704,0.8843,100.02,424.47,30,9,20,9,17,13
635,222.333,0.3904,0.884,105.4,424.31,26,10,14,10,13,13
636,222.4,0.4057,0.8836,109.55,424.13,30,10,18,10,16,14
637,222.467,0.4254,0.884,114.85,424.34,32,8,23,8,18,14
638,222.533,0.4428,0.8835,119.56,424.07,29,13,16,13,15,14
639,222.6,0.4597,0.8841,124.12,424.36,39,14,25,14,24,15
640,222.667,0.4597,0.8841,124.12,424.36,29,10,19,10,16,13
641,222.733,0.4572,0.8837,123.44,424.16,31,12,19,12,17,14
642,222.8,0.4372,0.8842,118.05,424.42,27,10,17,10,13,14
643,222.867,0.4204,0.8835,113.5,424.09,28,10,18,10,14,14
644,222.933,0.403,0.8848,108.8,424.7,28,9,19,9,14,14
645,223,0.3838,0.8837,103.62,424.16,23,8,15,8,9,14
646,223.067,0.368,0.884,99.35,424.33,28,12,16,12,13,15
647,223.133,0.3482,0.8843,94.02,424.47,35,12,22,12,21,14
648,223.2,0.3392,0.8836,91.57,424.13,31,9,22,9,16,15
649,223.267,0.3392,0.8836,91.57,424.13,33,9,24,9,18,15
650,223.333,0.3838,0.6672,103.63,320.28,27,8,18,8,13,14
651,223.4,0.3264,0.8841,88.14,424.35,25,9,16,9,11,14
652,223.467,0.3224,0.8843,87.05,424.48,30,12,18,12,16,14
653,223.533,0.3169,0.8837,85.56,424.16,31,11,20,11,17,14
654,223.6,0.3138,0.7293,84.72,350.04,42,14,28,14,27,15
655,223.667,0.2869,0.8836,77.45,424.13,41,14,27,14,26,15
656,223.733,0.2777,0.8843,74.98,424.47,40,14,26,14,23,17
657,223.8,0.258,0.884,69.65,424.33,42,20,22,20,26,16
658,223.867,0.2501,0.8834,67.54,424.04,27,5,21,5,13,14
659,223.933,0.2501,0.8834,67.54,424.04,27,5,21,5,13,14
660,224,0.2501,0.8834,67.54,424.04,33,9,23,9,19,14
661,224.067,0.258,0.884,69.65,424.33,31,8,21,8,16,15
662,224.133,0.2777,0.8843,74.98,424.47,36,13,21,13,22,14
663,224.2,0.2946,0.8834,79.54,424.04,36,12,23,12,21,15
664,224.267,0.3118,0.8845,84.19,424.55,25,7,16,7,11,14
665,224.333,0.3312,0.8837,89.44,424.16,32,12,19,12,18,14
666,224.4,0.3363,0.8842,90.8,424.4,25,8,17,8,11,14
667,224.467,0.3363,0.8842,90.8,424.4,30,10,20,10,15,15
668,224.533,0.3363,0.8842,90.8,424.4,33,10,23,10,19,14
669,224.6,0.3363,0.8842,90.8,424.4,37,13,24,13,23,14
670,224.667,0.3363,0.8842,90.8,424.4,40,17,23,17,26,14
671,224.733,0.3482,0.8843,94.02,424.47,38,11,27,11,23,15
672,224.8,0.3677,0.8841,99.27,424.36,30,10,20,10,16,14
673,224.867,0.3837,0.8835,103.61,424.09,34,12,22,12,19,15
674,224.933,0.403,0.8847,108.81,424.64,24,6,18,6,9,15
675,225,0.4201,0.8837,113.44,424.16,31,12,19,12,16,15
676,225.067,0.4371,0.8843,118.02,424.47,41,12,29,12,27,14
677,225.133,0.4504,0.8837,121.62,424.16,40,11,29,11,26,14
678,225.2,0.4504,0.8837,121.62,424.16,37,16,21,16,24,13
679,225.267,0.4504,0.8837,121.62,424.16,37,16,21,16,24,13
680,225.333,0.4504,0.8837,121.62,424.16,33,12,21,12,19,14
681,225.4,0.4504,0.8837,121.62,424.16,33,11,21,11,19,14
682,225.467,0.4504,0.8837,121.62,424.16,31,11,19,11,17,14
683,225.533,0.4504,0.8837,121.62,424.16,26,8,17,8,11,15
684,225.6,0.4701,0.8838,126.92,424.23,29,14,15,14,15,14
685,225.667,0.487,0.8836,131.5,424.14,25,7,18,7,12,13
686,225.733,0.5016,0.8838,135.43,424.23,24,9,15,9,11,13
687,225.8,0.4817,0.884,130.07,424.33,29,8,20,8,16,13
688,225.867,0.4648,0.8836,125.5,424.14,25,7,16,7,12,13
689,225.933,0.4474,0.8831,120.8,423.88,29,10,17,10,16,13
690,226,0.4282,0.8837,115.62,424.16,31,11,19,11,18,13
691,226.067,0.4127,0.8838,111.43,424.23,23,9,14,9,11,12
692,226.133,0.3927,0.8843,106.02,424.47,26,12,14,12,13,13
693,226.2,0.3762,0.8835,101.56,424.07,24,8,16,8,11,13
694,226.267,0.3586,0.8845,96.81,424.55,25,9,16,9,12,13
695,226.333,0.3389,0.8835,91.5,424.07,30,10,19,10,17,13
696,226.4,0.3389,0.8837,91.51,424.16,27,10,15,10,14,13
697,226.467,0.3389,0.8837,91.51,424.16,32,12,18,12,19,13
698,226.533,0.3586,0.8842,96.82,424.43,31,12,19,12,17,14
699,226.6,0.3759,0.8836,101.5,424.14,25,9,16,9,11,14
700,226.667,0.3927,0.8843,106.02,424.47,28,12,16,12,14,14
701,226.733,0.3219,0.6328,86.93,303.74,25,9,16,9,11,14
702,226.8,0.4057,0.8836,109.55,424.13,26,11,14,11,11,15
703,226.867,0.3534,0.6674,95.43,320.35,33,13,20,13,19,14
704,226.933,0.4057,0.8836,109.55,424.13,28,9,18,9,14,14
705,227,0.4201,0.8837,113.44,424.16,28,6,20,6,14,14
706,227.067,0.4375,0.8841,118.12,424.36,29,8,20,8,15,14
707,227.133,0.4062,0.73,109.67,350.38,30,10,19,10,16,14
708,227.2,0.4201,0.7529,113.43,361.38,31,11,20,11,17,14
709,227.267,0.457,0.8837,123.38,424.16,34,13,21,13,20,14
710,227.333,0.4408,0.7925,119.01,380.38,35,13,22,13,19,16
711,227.4,0.4924,0.8842,132.95,424.42,36,14,22,14,20,16
712,227.467,0.5093,0.8836,137.5,424.14,37,17,20,17,20,17
713,227.533,0.5261,0.8842,142.05,424.42,37,15,22,15,21,16
714,227.6,0.5459,0.8837,147.38,424.16,32,8,24,8,17,15
715,227.667,0.5617,0.8838,151.65,424.24,29,9,19,9,14,15
716,227.733,0.5814,0.8843,156.98,424.47,38,11,24,11,23,15
717,227.8,0.5984,0.8837,161.56,424.16,37,13,22,13,22,15
718,227.867,0.6156,0.8848,166.2,424.7,33,11,20,11,18,15
719,227.933,0.6347,0.8837,171.38,424.16,36,13,22,13,21,15
720,228,0.6518,0.8842,175.98,424.4,27,7,19,7,12,15
721,228.067,0.6703,0.8843,180.98,424.47,30,8,20,8,15,15
722,228.133,0.6871,0.8839,185.51,424.27,29,8,20,8,14,15
723,228.2,0.7067,0.8848,190.8,424.7,27,10,17,10,12,15
724,228.267,0.7238,0.8837,195.44,424.16,37,16,20,16,22,15
725,228.333,0.8056,0.5892,217.51,282.79,34,11,22,11,19,15
726,228.4,0.806,0.6044,217.62,290.13,33,16,17,16,18,15
727,228.467,0.7968,0.6191,215.15,297.18,33,15,18,15,18,15
728,228.533,0.7904,0.6372,213.4,305.86,36,17,19,17,21,15
729,228.6,0.7838,0.6543,211.63,314.07,36,15,20,15,21,15
730,228.667,0.7672,0.6705,207.15,321.85,27,10,16,10,12,15
731,228.733,0.7636,0.6677,206.16,320.52,25,10,15,10,10,15
732,228.8,0.8429,0.8838,227.57,424.23,25,9,15,9,10,15
733,228.867,0.8627,0.884,232.93,424.33,30,15,15,15,15,15
734,228.933,0.8796,0.8836,237.5,424.14,35,21,14,21,20,15
735,229,0.885,0.8842,238.95,424.42,34,15,19,15,20,14
736,229.067,0.8848,0.884,238.9,424.33,32,13,18,13,18,14
737,229.133,0.8794,0.8835,237.44,424.07,30,12,17,12,16,14
738,229.2,0.8627,0.884,232.93,424.33,28,10,18,10,14,14
739,229.267,0.843,0.8837,227.62,424.16,22,8,14,8,8,14
740,229.333,0.8273,0.8837,223.38,424.16,23,8,14,8,9,14
741,229.4,0.8079,0.8839,218.13,424.27,27,12,14,12,13,14
742,229.467,0.8079,0.8839,218.13,424.27,32,15,17,15,18,14
743,229.533,0.8079,0.8839,218.13,424.27,34,14,20,14,20,14
744,229.6,0.8079,0.8839,218.13,424.27,30,12,18,12,16,14
745,229.667,0.8206,0.8838,221.57,424.23,30,10,20,10,16,14
746,229.733,0.8405,0.884,226.93,424.33,27,10,17,10,13,14
747,229.8,0.8574,0.8836,231.5,424.14,22,6,15,6,8,14
748,229.867,0.8746,0.8824,236.15,423.54,22,7,13,7,9,13
749,229.933,0.8943,0.8836,241.45,424.13,26,11,15,11,13,13
750,230,0.9083,0.8838,245.23,424.21,31,12,19,12,18,13
751,230.067,0.9059,0.8839,244.58,424.27,32,11,20,11,19,13
752,230.133,0.8876,0.8838,239.65,424.24,25,7,18,7,12,13
753,230.2,0.8653,0.8837,233.62,424.16,33,12,20,12,20,13
754,230.267,0.8497,0.8838,229.43,424.23,30,12,17,12,17,13
755,230.333,0.83,0.8836,224.1,424.11,28,12,15,12,14,14
756,230.4,0.813,0.8836,219.5,424.14,30,11,18,11,16,14
757,230.467,0.7959,0.8836,214.9,424.11,29,12,17,12,15,14
758,230.533,0.7764,0.8837,209.62,424.16,27,11,16,11,13,14
759,230.6,0.7607,0.884,205.4,424.31,24,8,16,8,11,13
760,230.667,0.7415,0.8842,200.21,424.42,27,8,19,8,13,14
761,230.733,0.7238,0.8837,195.44,424.16,31,11,20,11,17,14
762,230.8,0.7067,0.8848,190.8,424.7,29,12,17,12,15,14
763,230.867,0.6874,0.8835,185.61,424.07,29,13,16,13,15,14
764,230.933,0.6703,0.8843,180.98,424.47,30,11,18,11,16,14
765,231,0.6519,0.8843,176.02,424.47,26,9,17,9,12,14
766,231.067,0.6481,0.8843,174.98,424.47,27,11,16,11,13,14
767,231.133,0.6481,0.8843,174.98,424.47,30,10,19,10,16,14
768,231.2,0.6481,0.8843,174.98,424.47,27,8,19,8,13,14
769,231.267,0.6481,0.8843,174.98,424.47,32,13,19,13,18,14
770,231.333,0.638,0.8844,172.27,424.5,30,11,19,11,16,14
771,231.4,0.6206,0.8837,167.56,424.16,27,11,15,11,13,14
772,231.467,0.6036,0.8843,162.98,424.47,31,13,16,13,17,14
773,231.533,0.5839,0.8838,157.65,424.24,30,11,19,11,16,14
774,231.6,0.5681,0.8835,153.39,424.09,24,9,15,9,12,12
775,231.667,0.5486,0.8839,148.13,424.27,26,8,18,8,14,12
776,231.733,0.5315,0.8836,143.5,424.14,28,5,23,5,16,12
777,231.8,0.5144,0.8833,138.89,423.98,38,12,26,12,26,12
778,231.867,0.4923,0.8843,132.92,424.48,23,6,17,6,12,11
779,231.933,0.4725,0.8838,127.57,424.23,20,5,15,5,9,11
780,232,0.4571,0.8838,123.43,424.23,22,8,14,8,11,11
781,232.067,0.4372,0.8842,118.05,424.42,22,6,16,6,11,11
782,232.133,0.4201,0.8837,113.44,424.16,27,10,17,10,17,10
783,232.2,0.4126,0.884,111.4,424.31,27,10,16,10,16,11
784,232.267,0.4126,0.884,111.4,424.31,28,11,17,11,17,11
785,232.333,0.4126,0.884,111.4,424.31,32,11,21,11,21,11
786,232.4,0.4126,0.884,111.4,424.31,24,7,17,7,13,11
787,232.467,0.4126,0.884,111.4,424.31,23,5,18,5,12,11
788,232.533,0.4126,0.884,111.4,424.31,24,6,18,6,13,11
789,232.6,0.4126,0.884,111.4,424.31,23,5,17,5,12,11
790,232.667,0.4126,0.884,111.4,424.31,25,7,16,7,14,11
791,232.733,0.4126,0.884,111.4,424.31,28,9,18,9,17,11
792,232.8,0.4126,0.884,111.4,424.31,28,11,16,11,17,11
793,232.867,0.4126,0.884,111.4,424.31,30,12,18,12,19,11
794,232.933,0.4126,0.884,111.4,424.31,26,8,17,8,15,11
795,233,0.4126,0.884,111.4,424.31,23,4,19,4,12,11
796,233.067,0.4126,0.884,111.4,424.31,23,5,18,5,12,11
797,233.133,0.4126,0.884,111.4,424.31,25,6,18,6,14,11
798,233.2,0.4126,0.884,111.4,424.31,27,9,18,9,16,11
799,233.267,0.4126,0.884,111.4,424.31,28,9,19,9,17,11
800,233.333,0.4126,0.884,111.4,424.31,27,11,14,11,16,11
801,233.4,0.4126,0.884,111.4,424.31,31,12,17,12,20,11
802,233.467,0.4126,0.884,111.4,424.31,20,6,14,6,9,11
803,233.533,0.4126,0.884,111.4,424.31,23,8,15,8,12,11
804,233.6,0.4126,0.884,111.4,424.31,25,8,17,8,14,11
805,233.667,0.4126,0.884,111.4,424.31,24,9,14,9,13,11
806,233.733,0.4126,0.884,111.4,424.31,22,6,16,6,11,11
807,233.8,0.4126,0.884,111.4,424.31,21,4,15,4,10,11
808,233.867,0.4126,0.884,111.4,424.31,23,10,13,10,12,11
809,233.933,0.4126,0.884,111.4,424.31,26,7,17,7,15,11
810,234,0.4126,0.884,111.4,424.31,21,7,13,7,10,11
811,234.067,0.4126,0.884,111.4,424.31,23,7,16,7,12,11
812,234.133,0.4126,0.884,111.4,424.31,26,7,18,7,16,10
813,234.2,0.4126,0.884,111.4,424.31,25,10,15,10,14,11
814,234.267,0.4126,0.884,111.4,424.31,25,8,17,8,14,11
815,234.333,0.4126,0.884,111.4,424.31,23,8,15,8,12,11
816,234.4,0.4126,0.884,111.4,424.31,22,8,14,8,12,10
817,234.467,0.4126,0.884,111.4,424.31,24,7,17,7,13,11
818,234.533,0.4126,0.884,111.4,424.31,19,6,13,6,8,11
819,234.6,0.4126,0.884,111.4,424.31,25,7,18,7,14,11
820,234.667,0.4117,0.884,111.16,424.33,26,6,19,6,15,11
821,234.733,0.4117,0.8843,111.16,424.47,24,7,17,7,13,11
822,234.8,0.4126,0.884,111.4,424.31,24,7,16,7,13,11
823,234.867,0.4126,0.884,111.4,424.31,24,7,16,7,13,11
824,234.933,0.4126,0.884,111.4,424.31,26,9,16,9,15,11
825,235,0.4124,0.8838,111.35,424.24,26,9,14,9,15,11
826,235.067,0.4124,0.8838,111.35,424.24,20,8,12,8,9,11
827,235.133,0.4124,0.8838,111.35,424.24,23,8,15,8,12,11
828,235.2,0.4124,0.8838,111.35,424.24,28,8,20,8,17,11
829,235.267,0.4124,0.8838,111.35,424.24,26,9,17,9,15,11
830,235.333,0.4124,0.8838,111.35,424.24,29,11,18,11,18,11
831,235.4,0.4124,0.8838,111.35,424.24,28,10,18,10,17,11
832,235.467,0.4124,0.8838,111.35,424.24,28,12,15,12,17,11
833,235.533,0.4124,0.8838,111.35,424.24,28,10,15,10,17,11
834,235.6,0.4124,0.8838,111.35,424.24,23,7,15,7,12,11
835,235.667,0.4124,0.8838,111.35,424.24,24,9,14,9,13,11
836,235.733,0.4124,0.8838,111.35,424.24,29,9,19,9,18,11
837,235.8,0.4124,0.8838,111.35,424.24,27,9,18,9,16,11
838,235.867,0.4124,0.8838,111.35,424.24,29,11,17,11,18,11
839,235.933,0.4124,0.8838,111.35,424.24,28,10,17,10,17,11
840,236,0.4124,0.8838,111.35,424.24,28,12,15,12,17,11
841,236.067,0.4124,0.8838,111.35,424.24,28,13,15,13,17,11
842,236.133,0.4124,0.8838,111.35,424.24,40,10,30,10,22,18
843,236.2,0.4124,0.8838,111.35,424.24,68,9,59,9,27,41
844,236.267,0.4124,0.8838,111.35,424.24,97,10,87,10,41,56
845,236.333,0.4124,0.8838,111.35,424.24,89,10,78,10,31,58
846,236.4,0.4124,0.8838,111.35,424.24,86,12,73,12,26,60
847,236.467,0.4125,0.8836,111.36,424.15,95,9,85,9,37,58
848,236.533,0.4124,0.8838,111.35,424.24,99,14,84,14,39,60
849,236.6,0.4124,0.8838,111.35,424.24,98,15,83,15,37,61
850,236.667,0.4124,0.8838,111.35,424.24,91,9,82,9,31,60
851,236.733,0.4124,0.8838,111.35,424.24,89,11,78,11,31,58
852,236.8,0.4124,0.8838,111.35,424.24,92,9,83,9,33,59
853,236.867,0.4124,0.8838,111.35,424.24,92,9,83,9,33,59
854,236.933,0.4124,0.8838,111.35,424.24,92,9,83,9,32,60
855,237,0.4124,0.8838,111.35,424.24,86,9,76,9,29,57
856,237.067,0.4124,0.8838,111.35,424.24,82,8,74,8,24,58
857,237.133,0.4124,0.8838,111.35,424.24,91,7,83,7,32,59
858,237.2,0.4124,0.8838,111.35,424.24,90,6,84,6,33,57
859,237.267,0.4124,0.8838,111.35,424.24,93,8,83,8,36,57
860,237.333,0.4124,0.8838,111.35,424.24,98,10,86,10,41,57
861,237.4,0.4124,0.8838,111.35,424.24,102,10,90,10,45,57
862,237.467,0.4125,0.8837,111.38,424.16,90,11,77,11,34,56
863,237.533,0.4124,0.8838,111.35,424.24,91,10,80,10,35,56
864,237.6,0.4126,0.884,111.4,424.31,85,9,76,9,27,58
865,237.667,0.4124,0.8838,111.35,424.24,90,10,80,10,32,58
866,237.733,0.4124,0.8838,111.35,424.24,96,7,89,7,40,56
867,237.8,0.4124,0.8838,111.35,424.24,97,12,84,12,41,56
868,237.867,0.4124,0.8838,111.35,424.24,89,13,75,13,31,58
869,237.933,0.406,0.8837,109.62,424.16,96,11,84,11,38,58
870,238,0.3902,0.884,105.35,424.33,92,10,82,10,33,59
871,238.067,0.3902,0.884,105.35,424.33,93,10,82,10,36,57
872,238.133,0.3902,0.884,105.35,424.33,86,9,77,9,30,56
873,238.2,0.3902,0.884,105.35,424.33,93,9,84,9,37,56
874,238.267,0.3902,0.884,105.35,424.33,92,7,85,7,36,56
875,238.333,0.3902,0.884,105.35,424.33,89,10,77,10,34,55
876,238.4,0.3902,0.884,105.35,424.33,95,12,82,12,43,52
877,238.467,0.3902,0.884,105.35,424.33,90,12,78,12,36,54
878,238.533,0.3902,0.884,105.35,424.33,94,13,81,13,39,55
879,238.6,0.4027,0.8847,108.73,424.66,93,8,84,8,40,53
880,238.667,0.4206,0.8835,113.56,424.07,91,7,83,7,36,55
881,238.733,0.4375,0.8841,118.12,424.36,89,13,74,13,37,52
882,238.8,0.4372,0.8842,118.05,424.42,88,15,73,15,37,51
883,238.867,0.4372,0.8842,118.05,424.42,99,15,84,15,44,55
884,238.933,0.4372,0.8842,118.05,424.42,91,14,77,14,38,53
885,239,0.4372,0.8842,118.05,424.42,82,12,70,12,29,53
886,239.067,0.4504,0.8837,121.62,424.16,91,14,76,14,37,54
887,239.133,0.4702,0.8842,126.95,424.42,72,10,60,10,19,53
888,239.2,0.487,0.8836,131.5,424.14,84,9,74,9,31,53
889,239.267,0.5039,0.8845,136.06,424.56,84,12,71,12,32,52
890,239.333,0.5236,0.8837,141.38,424.16,84,12,71,12,31,53
891,239.4,0.5315,0.8836,143.5,424.14,88,14,73,14,35,53
892,239.467,0.5315,0.8836,143.5,424.14,89,11,78,11,35,54
893,239.533,0.5393,0.884,145.6,424.31,88,13,75,13,38,50
894,239.6,0.5591,0.8842,150.95,424.42,92,14,77,14,40,52
895,239.667,0.5617,0.8838,151.65,424.24,85,12,72,12,32,53
896,239.733,0.5617,0.8838,151.65,424.24,84,9,75,9,30,54
897,239.8,0.5617,0.8838,151.65,424.24,84,10,74,10,31,53
898,239.867,0.571,0.8844,154.18,424.49,87,11,76,11,33,54
899,239.933,0.6209,0.6283,167.64,301.59,92,12,80,12,40,52
